batch,context_len,kv_len,hit_rate,bench_miss_mask,synthetic_cache_pattern,flashinfer_ms,flashinfer_run_event_ms,flashinfer_plan_run_event_ms,flashinfer_plan_run_wall_ms,mac_ms,mac_event_ms,mac_wall_ms,mac_speedup_vs_flashinfer,tile_tokens,complete_rows,group_tail_rows,hit_tail_rows,fallback_reduce_groups,balanced_tile_tokens,non_hit_groups,full_fallback_groups,max_full_fallback_reduce_chunks,max_mixed_reduce_chunks,miss_head_count,miss_count_0_groups,miss_count_1_groups,miss_count_2_groups,miss_count_3_groups,miss_count_4_groups,mixed_miss1_groups,mixed_miss2_groups,mixed_miss3_groups,full_miss_groups,scheduled_head_slot_tokens,actual_head_tokens,active_miss_head_tokens,mixed_scheduled_head_slot_tokens,mixed_actual_head_tokens,mixed_active_miss_head_tokens,mixed_unused_head_slot_ratio,complete_group_rows,complete_head_rows,complete_mixed_z2_rows,complete_full_group_rows,complete_mixed_group_rows,complete_mac_hit_group_rows,estimated_materialized_partial_rect_states,estimated_active_partial_rect_states,estimated_inactive_partial_rect_states,estimated_inactive_partial_rect_state_ratio,estimated_partial_rect_states,estimated_partial_rect_bytes,estimated_phase4_rect_state_reads,estimated_phase4_rect_read_bytes,estimated_active_phase4_rect_state_reads,estimated_inactive_phase4_rect_state_reads,estimated_inactive_phase4_rect_read_ratio,miss_mask_hist,group_task_miss_mask_hist,phase_order,match_pct,prepare_pct,complete_pct,reduce_pct_detail,reduce_sync_wait_pct,reduce_compute_pct,tail_pct_detail,fallback_group_merge_pct,merge_write_pct,cache_subtract_pct
1,32768,32769,0.0,,faithful,0.05954931645343701,0.05866239865620931,0.05866239865620931,0.05954931645343701,0.18903930128241578,0.18856479326883951,0.18903930128241578,0.31501024416331896,32,512,16,0,8,509,8,8,1,0,32,0,0,0,0,8,0,0,0,8,1040416,1040416,1040416,0,0,0,0.0,512,0,0,512,0,0,2048,2048,0,0.0,2048,1056768,32,16512,32,0,0.0,15:8,15:512,,,,,,,,,,,
1,32768,32769,0.1,,faithful,0.05954931645343701,0.05866239865620931,0.05866239865620931,0.05954931645343701,0.18285689875483513,0.18239359855651854,0.18285689875483513,0.32566075909051473,32,888,16,0,8,88,8,7,2,6,29,0,1,0,0,7,1,0,0,7,1040416,943069,942877,130052,32705,32513,0.7485236525535583,888,0,2,518,0,0,3552,2080,1472,0.4144144144144144,3552,1832832,80,41280,65,15,0.1875,8:1;15:7,8:2;15:518,,,,,,,,,,,
1,32768,32769,0.2,,faithful,0.05954931645343701,0.05866239865620931,0.05866239865620931,0.05954931645343701,0.18536423255379,0.18490613301595052,0.18536423255379,0.32125570091391104,32,808,16,0,8,223,8,6,2,3,26,0,2,0,0,6,2,0,0,6,1040416,845722,845338,260104,65410,65026,0.7485236525535583,808,0,2,516,0,0,3232,2072,1160,0.3589108910891089,3232,1667712,72,37152,60,12,0.16666666666666666,1:1;8:1;15:6,1:1;8:1;15:516,,,,,,,,,,,
1,32768,32769,0.3,,faithful,0.05954931645343701,0.05866239865620931,0.05866239865620931,0.05954931645343701,0.1922433303358654,0.1918015956878662,0.1922433303358654,0.309760116771798,32,835,16,0,7,207,7,5,2,3,22,1,2,0,0,5,2,0,0,5,910620,715926,715286,260104,65410,65026,0.7485236525535583,831,4,4,515,0,0,3328,2074,1254,0.37680288461538464,3328,1717248,68,35088,56,12,0.17647058823529413,0:1;1:1;8:1;15:5,1:2;8:2;15:515,,,,,,,,,,,
1,32768,32769,0.4,,faithful,0.05954931645343701,0.05866239865620931,0.05866239865620931,0.05954931645343701,0.19181181754296026,0.1913642724355062,0.19181181754296026,0.3104569740083908,32,862,16,0,6,191,6,4,2,3,19,2,1,1,0,4,1,1,0,4,780824,618579,617747,260104,97859,97539,0.6237697005271912,854,8,4,512,0,0,3424,2072,1352,0.39485981308411217,3424,1766784,64,33024,54,10,0.15625,0:2;3:1;8:1;15:4,3:2;8:2;15:512,,,,,,,,,,,
1,32768,32769,0.5,,faithful,0.05954931645343701,0.05866239865620931,0.05866239865620931,0.05954931645343701,0.18750751623883843,0.18705652554829916,0.18750751623883843,0.31758362356837916,32,766,16,0,5,176,5,3,2,3,16,3,1,0,1,3,1,0,1,3,651028,521232,520208,260104,130308,130052,0.49901577830314636,754,12,2,384,0,0,3028,1556,1472,0.4861294583883752,3028,1562448,60,30960,52,8,0.13333333333333333,0:3;7:1;8:1;15:3,7:1;8:1;15:384,,,,,,,,,,,
1,32768,32769,0.6,,faithful,0.05954931645343701,0.05866239865620931,0.05866239865620931,0.05954931645343701,0.1853878803861638,0.18490026791890463,0.1853878803861638,0.3212147219623824,32,691,16,0,4,112,4,3,2,5,13,4,1,0,0,3,1,0,0,3,521232,423885,422669,130052,32705,32513,0.7485236525535583,675,16,2,384,0,0,2716,1560,1156,0.4256259204712813,2716,1401456,60,30960,48,12,0.2,0:4;8:1;15:3,8:2;15:384,,,,,,,,,,,
1,32768,32769,0.7,,faithful,0.05954931645343701,0.05866239865620931,0.05866239865620931,0.05954931645343701,0.18312491786976656,0.18270187377929686,0.18312491786976656,0.32518412647582373,32,680,16,0,4,160,4,2,2,4,10,4,2,0,0,2,2,0,0,2,521232,326538,325130,260104,65410,65026,0.7485236525535583,664,16,4,256,0,0,2672,1056,1616,0.6047904191616766,2672,1378752,64,33024,46,18,0.28125,0:4;1:1;8:1;15:2,1:2;8:2;15:256,,,,,,,,,,,
1,32768,32769,0.8,,faithful,0.05954931645343701,0.05866239865620931,0.05866239865620931,0.05954931645343701,0.16957321592296162,0.16911840438842773,0.16957321592296162,0.3511717114599673,32,600,16,0,3,144,3,1,2,4,6,5,2,0,0,1,2,0,0,1,391436,196742,195078,260104,65410,65026,0.7485236525535583,580,20,2,128,0,0,2340,540,1800,0.7692307692307693,2340,1207440,60,30960,42,18,0.3,0:5;1:1;8:1;15:1,1:1;8:1;15:128,,,,,,,,,,,
1,32768,32769,0.875,,faithful,0.05954931645343701,0.05866239865620931,0.05866239865620931,0.05954931645343701,0.15516130176062384,0.15471893946329754,0.15516130176062384,0.38378974510865554,32,534,16,0,2,128,2,0,0,8,4,6,1,0,1,0,1,0,1,0,261640,131844,130052,260104,130308,130052,0.49901577830314636,510,24,257,0,0,0,2064,799,1265,0.6128875968992248,2064,1065024,88,45408,60,28,0.3181818181818182,0:6;7:1;8:1,7:255;8:2,,,,,,,,,,,
1,32768,32769,0.9,,faithful,0.05954931645343701,0.05866239865620931,0.05866239865620931,0.05954931645343701,0.14614153187721968,0.14569279352823894,0.14614153187721968,0.40747702373523204,32,534,16,0,2,128,2,0,0,8,3,6,1,1,0,0,1,1,0,0,261640,99395,97539,260104,97859,97539,0.6237697005271912,510,24,4,0,0,0,2064,40,2024,0.9806201550387597,2064,1065024,88,45408,53,35,0.3977272727272727,0:6;3:1;8:1,3:2;8:2,,,,,,,,,,,
1,32768,32769,0.95,,faithful,0.05954931645343701,0.05866239865620931,0.05866239865620931,0.05954931645343701,0.1460682018660009,0.14545547167460124,0.1460682018660009,0.407681587728902,32,534,16,0,2,128,2,0,0,8,2,6,2,0,0,0,2,0,0,0,261640,66946,65026,260104,65410,65026,0.7485236525535583,510,24,4,0,0,0,2064,40,2024,0.9806201550387597,2064,1065024,88,45408,46,42,0.4772727272727273,0:6;1:1;8:1,1:2;8:2,,,,,,,,,,,
1,32768,32769,0.96875,,faithful,0.05954931645343701,0.05866239865620931,0.05866239865620931,0.05954931645343701,0.12008370055506627,0.11959093411763509,0.12008370055506627,0.495898412342229,32,529,16,0,1,65,1,0,0,16,1,7,1,0,0,0,1,0,0,0,131844,34497,32513,130052,32705,32513,0.7485236525535583,501,28,2,0,0,0,2032,36,1996,0.9822834645669292,2032,1048512,92,47472,47,45,0.4891304347826087,0:7;8:1,8:2,,,,,,,,,,,
1,32768,32769,1.0,,faithful,0.05954931645343701,0.05866239865620931,0.05866239865620931,0.05954931645343701,0.06940394717579086,0.06899413267771402,0.06940394717579086,0.8580105149150465,32,64,16,0,0,32,0,0,0,0,0,8,0,0,0,0,0,0,0,0,2048,2048,0,0,0,0,0.0,0,64,0,0,0,0,64,64,0,0.0,64,33024,64,33024,64,0,0.0,0:8,,,,,,,,,,,,
1,65536,65537,0.0,,faithful,0.10573828282455604,0.10527413686116537,0.10527413686116537,0.10573828282455604,0.26230498527487117,0.26180960337320963,0.26230498527487117,0.4031119832272809,32,512,16,0,8,1021,8,8,1,0,32,0,0,0,0,8,0,0,0,8,2088992,2088992,2088992,0,0,0,0.0,512,0,0,512,0,0,2048,2048,0,0.0,2048,1056768,32,16512,32,0,0.0,15:8,15:512,,,,,,,,,,,
1,65536,65537,0.1,,faithful,0.10573828282455604,0.10527413686116537,0.10527413686116537,0.10573828282455604,0.252804901295652,0.25234773953755696,0.252804901295652,0.418260414583088,32,889,16,0,8,176,8,7,2,6,29,0,1,0,0,7,1,0,0,7,2088992,1893341,1893149,261124,65473,65281,0.7492647171020508,889,0,1,518,0,0,3556,2076,1480,0.4161979752530934,3556,1834896,80,41280,65,15,0.1875,8:1;15:7,8:1;15:518,,,,,,,,,,,
1,65536,65537,0.2,,faithful,0.10573828282455604,0.10527413686116537,0.10527413686116537,0.10573828282455604,0.26215030035624903,0.26159733136494956,0.26215030035624903,0.4033498442720189,32,810,16,0,8,447,8,6,2,3,26,0,2,0,0,6,2,0,0,6,2088992,1697690,1697306,522248,130946,130562,0.7492647171020508,810,0,4,516,0,0,3240,2074,1166,0.35987654320987655,3240,1671840,72,37152,60,12,0.16666666666666666,1:1;8:1;15:6,1:2;8:2;15:516,,,,,,,,,,,
1,65536,65537,0.3,,faithful,0.10573828282455604,0.10527413686116537,0.10527413686116537,0.10573828282455604,0.24436500001077852,0.2437978744506836,0.24436500001077852,0.4327063320029141,32,835,16,0,7,415,7,5,2,3,22,1,2,0,0,5,2,0,0,5,1828124,1436822,1436182,522248,130946,130562,0.7492647171020508,831,4,2,515,0,0,3328,2072,1256,0.37740384615384615,3328,1717248,68,35088,56,12,0.17647058823529413,0:1;1:1;8:1;15:5,1:1;8:1;15:515,,,,,,,,,,,
1,65536,65537,0.4,,faithful,0.10573828282455604,0.10527413686116537,0.10527413686116537,0.10573828282455604,0.21718910041575631,0.21670880317687988,0.21718910041575631,0.4868489377328122,32,990,16,0,6,383,6,4,3,3,19,2,1,1,0,4,1,1,0,4,1567256,1241171,1240339,522248,196163,195843,0.624387264251709,982,8,2,640,0,0,3936,2576,1360,0.34552845528455284,3936,2030976,80,41280,70,10,0.125,0:2;3:1;8:1;15:4,3:1;8:1;15:640,,,,,,,,,,,
1,65536,65537,0.5,,faithful,0.10573828282455604,0.10527413686116537,0.10527413686116537,0.10573828282455604,0.22634419923027357,0.22588906288146973,0.22634419923027357,0.467157025380545,32,1023,16,0,5,352,5,3,4,3,16,3,1,0,1,3,1,0,1,3,1306388,1045520,1044496,522248,261380,261124,0.4995098114013672,1011,12,2,639,0,0,4056,2576,1480,0.36489151873767256,4056,2092896,84,43344,76,8,0.09523809523809523,0:3;7:1;8:1;15:3,7:1;8:1;15:639,,,,,,,,,,,
1,65536,65537,0.6,,faithful,0.10573828282455604,0.10527413686116537,0.10527413686116537,0.10573828282455604,0.19548020015160242,0.19499947230021158,0.19548020015160242,0.5409155645561644,32,947,16,0,4,224,4,3,4,5,13,4,1,0,0,3,1,0,0,3,1045520,849869,848653,261124,65473,65281,0.7492647171020508,931,16,1,639,0,0,3740,2576,1164,0.31122994652406416,3740,1929840,84,43344,72,12,0.14285714285714285,0:4;8:1;15:3,8:1;15:639,,,,,,,,,,,
1,65536,65537,0.7,,faithful,0.10573828282455604,0.10527413686116537,0.10527413686116537,0.10573828282455604,0.19980830062801638,0.19933013916015624,0.19980830062801638,0.5291986493664709,32,938,16,0,4,320,4,2,4,4,10,4,2,0,0,2,2,0,0,2,1045520,654218,652810,522248,130946,130562,0.7492647171020508,922,16,4,512,0,0,3704,2074,1630,0.4400647948164147,3704,1911264,80,41280,62,18,0.225,0:4;1:1;8:1;15:2,1:2;8:2;15:512,,,,,,,,,,,
1,65536,65537,0.8,,faithful,0.10573828282455604,0.10527413686116537,0.10527413686116537,0.10573828282455604,0.19611658450836936,0.1956629276275635,0.19611658450836936,0.5391603320526093,32,730,16,0,3,288,3,1,4,4,6,5,2,0,0,1,2,0,0,1,784652,393350,391686,522248,130946,130562,0.7492647171020508,710,20,2,256,0,0,2860,1052,1808,0.6321678321678321,2860,1475760,68,35088,50,18,0.2647058823529412,0:5;1:1;8:1;15:1,1:1;8:1;15:256,,,,,,,,,,,
1,65536,65537,0.875,,faithful,0.10573828282455604,0.10527413686116537,0.10527413686116537,0.10573828282455604,0.1761949659946064,0.17571306228637695,0.1761949659946064,0.6001209071307567,32,536,16,0,2,256,2,0,0,8,4,6,1,0,1,0,1,0,1,0,523784,262916,261124,522248,261380,261124,0.4995098114013672,512,24,258,0,0,0,2072,802,1270,0.612934362934363,2072,1069152,88,45408,60,28,0.3181818181818182,0:6;7:1;8:1,7:256;8:2,,,,,,,,,,,
1,65536,65537,0.9,,faithful,0.10573828282455604,0.10527413686116537,0.10527413686116537,0.10573828282455604,0.1615203645390769,0.160971196492513,0.1615203645390769,0.6546436613506689,32,536,16,0,2,256,2,0,0,8,3,6,1,1,0,0,1,1,0,0,523784,197699,195843,522248,196163,195843,0.624387264251709,512,24,4,0,0,0,2072,40,2032,0.9806949806949807,2072,1069152,88,45408,53,35,0.3977272727272727,0:6;3:1;8:1,3:2;8:2,,,,,,,,,,,
1,65536,65537,0.95,,faithful,0.10573828282455604,0.10527413686116537,0.10527413686116537,0.10573828282455604,0.16146286313111582,0.16099786758422852,0.16146286313111582,0.6548767981321583,32,536,16,0,2,256,2,0,0,8,2,6,2,0,0,0,2,0,0,0,523784,132482,130562,522248,130946,130562,0.7492647171020508,512,24,4,0,0,0,2072,40,2032,0.9806949806949807,2072,1069152,88,45408,46,42,0.4772727272727273,0:6;1:1;8:1,1:2;8:2,,,,,,,,,,,
1,65536,65537,0.96875,,faithful,0.10573828282455604,0.10527413686116537,0.10527413686116537,0.10573828282455604,0.1521482520426313,0.15164586702982585,0.1521482520426313,0.6949687650366737,32,535,16,0,1,129,1,0,0,16,1,7,1,0,0,0,1,0,0,0,262916,67265,65281,261124,65473,65281,0.7492647171020508,507,28,2,0,0,0,2056,36,2020,0.9824902723735408,2056,1060896,92,47472,47,45,0.4891304347826087,0:7;8:1,8:2,,,,,,,,,,,
1,65536,65537,1.0,,faithful,0.10573828282455604,0.10527413686116537,0.10527413686116537,0.10573828282455604,0.06978013552725315,0.06935359636942545,0.06978013552725315,1.515306355105303,32,64,16,0,0,32,0,0,0,0,0,8,0,0,0,0,0,0,0,0,2048,2048,0,0,0,0,0.0,0,64,0,0,0,0,64,64,0,0.0,64,33024,64,33024,64,0,0.0,0:8,,,,,,,,,,,,
1,98304,98305,0.0,,faithful,0.1513435311305026,0.15058080355326334,0.15058080355326334,0.1513435311305026,0.3254610501850645,0.3249199867248535,0.3254610501850645,0.46501272900227314,32,512,16,0,8,1533,8,8,1,0,32,0,0,0,0,8,0,0,0,8,3137568,3137568,3137568,0,0,0,0.0,512,0,0,512,0,0,2048,2048,0,0.0,2048,1056768,32,16512,32,0,0.0,15:8,15:512,,,,,,,,,,,
1,98304,98305,0.1,,faithful,0.1513435311305026,0.15058080355326334,0.15058080355326334,0.1513435311305026,0.3209035998831193,0.32031841278076173,0.3209035998831193,0.4716168069963239,32,890,16,0,8,264,8,7,2,6,29,0,1,0,0,7,1,0,0,7,3137568,2843613,2843421,392196,98241,98049,0.7495104670524597,890,0,1,518,0,0,3560,2076,1484,0.41685393258426967,3560,1836960,80,41280,65,15,0.1875,8:1;15:7,8:1;15:518,,,,,,,,,,,
1,98304,98305,0.2,,faithful,0.1513435311305026,0.15058080355326334,0.15058080355326334,0.1513435311305026,0.3325158342098196,0.3320506731669108,0.3325158342098196,0.455146839819375,32,810,16,0,8,671,8,6,2,3,26,0,2,0,0,6,2,0,0,6,3137568,2549658,2549274,784392,196482,196098,0.7495104670524597,810,0,2,516,0,0,3240,2072,1168,0.36049382716049383,3240,1671840,72,37152,60,12,0.16666666666666666,1:1;8:1;15:6,1:1;8:1;15:516,,,,,,,,,,,
1,98304,98305,0.3,,faithful,0.1513435311305026,0.15058080355326334,0.15058080355326334,0.1513435311305026,0.3053459183623393,0.3048826535542806,0.3053459183623393,0.4956461574538243,32,835,16,0,7,623,7,5,2,3,22,1,2,0,0,5,2,0,0,5,2745628,2157718,2157078,784392,196482,196098,0.7495104670524597,831,4,2,515,0,0,3328,2072,1256,0.37740384615384615,3328,1717248,68,35088,56,12,0.17647058823529413,0:1;1:1;8:1;15:5,1:1;8:1;15:515,,,,,,,,,,,
1,98304,98305,0.4,,faithful,0.1513435311305026,0.15058080355326334,0.15058080355326334,0.1513435311305026,0.27009300344313186,0.2696186701456706,0.27009300344313186,0.5603385841217025,32,990,16,0,6,575,6,4,3,3,19,2,1,1,0,4,1,1,0,4,2353688,1863763,1862931,784392,294467,294147,0.6245920658111572,982,8,2,640,0,0,3936,2576,1360,0.34552845528455284,3936,2030976,80,41280,70,10,0.125,0:2;3:1;8:1;15:4,3:1;8:1;15:640,,,,,,,,,,,
1,98304,98305,0.5,,faithful,0.1513435311305026,0.15058080355326334,0.15058080355326334,0.1513435311305026,0.27874005027115345,0.2781621297200521,0.27874005027115345,0.5429558148650625,32,1026,16,0,5,528,5,3,4,3,16,3,1,0,1,3,1,0,1,3,1961748,1569808,1568784,784392,392452,392196,0.49967363476753235,1014,12,2,642,0,0,4068,2588,1480,0.3638151425762045,4068,2099088,84,43344,76,8,0.09523809523809523,0:3;7:1;8:1;15:3,7:1;8:1;15:642,,,,,,,,,,,
1,98304,98305,0.6,,faithful,0.1513435311305026,0.15058080355326334,0.15058080355326334,0.1513435311305026,0.2297357345620791,0.22930720647176106,0.2297357345620791,0.6587722690115787,32,950,16,0,4,336,4,3,4,5,13,4,1,0,0,3,1,0,0,3,1569808,1275853,1274637,392196,98241,98049,0.7495104670524597,934,16,1,642,0,0,3752,2588,1164,0.31023454157782515,3752,1936032,84,43344,72,12,0.14285714285714285,0:4;8:1;15:3,8:1;15:642,,,,,,,,,,,
1,98304,98305,0.7,,faithful,0.1513435311305026,0.15058080355326334,0.15058080355326334,0.1513435311305026,0.2519250032491982,0.2514794667561849,0.2519250032491982,0.6007483543854407,32,1066,16,0,4,480,4,2,5,4,10,4,2,0,0,2,2,0,0,2,1569808,981898,980490,784392,196482,196098,0.7495104670524597,1050,16,2,640,0,0,4216,2584,1632,0.3870967741935484,4216,2175456,88,45408,70,18,0.20454545454545456,0:4;1:1;8:1;15:2,1:1;8:1;15:640,,,,,,,,,,,
1,98304,98305,0.8,,faithful,0.1513435311305026,0.15058080355326334,0.15058080355326334,0.1513435311305026,0.23087463341653347,0.2304320017496745,0.23087463341653347,0.655522561707572,32,858,16,0,3,432,3,1,6,4,6,5,2,0,0,1,2,0,0,1,1177868,589958,588294,784392,196482,196098,0.7495104670524597,838,20,2,384,0,0,3372,1564,1808,0.5361803084223014,3372,1739952,76,39216,58,18,0.23684210526315788,0:5;1:1;8:1;15:1,1:1;8:1;15:384,,,,,,,,,,,
1,98304,98305,0.875,,faithful,0.1513435311305026,0.15058080355326334,0.15058080355326334,0.1513435311305026,0.1983719179406762,0.19792960484822592,0.1983719179406762,0.762928204262069,32,536,16,0,2,384,2,0,0,8,4,6,1,0,1,0,1,0,1,0,785928,393988,392196,784392,392452,392196,0.49967363476753235,512,24,257,0,0,0,2072,797,1275,0.6153474903474904,2072,1069152,88,45408,60,28,0.3181818181818182,0:6;7:1;8:1,7:256;8:1,,,,,,,,,,,
1,98304,98305,0.9,,faithful,0.1513435311305026,0.15058080355326334,0.15058080355326334,0.1513435311305026,0.17640714844067892,0.17599306106567383,0.17640714844067892,0.8579217592273221,32,536,16,0,2,384,2,0,0,8,3,6,1,1,0,0,1,1,0,0,785928,296003,294147,784392,294467,294147,0.6245920658111572,512,24,2,0,0,0,2072,32,2040,0.9845559845559846,2072,1069152,88,45408,53,35,0.3977272727272727,0:6;3:1;8:1,3:1;8:1,,,,,,,,,,,
1,98304,98305,0.95,,faithful,0.1513435311305026,0.15058080355326334,0.15058080355326334,0.1513435311305026,0.1737421533713738,0.17328960100809734,0.1737421533713738,0.8710812442102399,32,536,16,0,2,384,2,0,0,8,2,6,2,0,0,0,2,0,0,0,785928,198018,196098,784392,196482,196098,0.7495104670524597,512,24,2,0,0,0,2072,32,2040,0.9845559845559846,2072,1069152,88,45408,46,42,0.4772727272727273,0:6;1:1;8:1,1:1;8:1,,,,,,,,,,,
1,98304,98305,0.96875,,faithful,0.1513435311305026,0.15058080355326334,0.15058080355326334,0.1513435311305026,0.15921871721123657,0.15878720283508302,0.15921871721123657,0.9505385659508493,32,537,16,0,1,193,1,0,0,16,1,7,1,0,0,0,1,0,0,0,393988,100033,98049,392196,98241,98049,0.7495104670524597,509,28,2,0,0,0,2064,36,2028,0.9825581395348837,2064,1065024,92,47472,47,45,0.4891304347826087,0:7;8:1,8:2,,,,,,,,,,,
1,98304,98305,1.0,,faithful,0.1513435311305026,0.15058080355326334,0.15058080355326334,0.1513435311305026,0.06946061815445621,0.0690287987391154,0.06946061815445621,2.1788393934814594,32,64,16,0,0,32,0,0,0,0,0,8,0,0,0,0,0,0,0,0,2048,2048,0,0,0,0,0.0,0,64,0,0,0,0,64,64,0,0.0,64,33024,64,33024,64,0,0.0,0:8,,,,,,,,,,,,
1,126976,126977,0.0,,faithful,0.1913242662946383,0.19089120229085285,0.19089120229085285,0.1913242662946383,0.39254318301876384,0.3920703887939453,0.39254318301876384,0.4873967363878355,32,512,16,0,8,1981,8,8,1,0,32,0,0,0,0,8,0,0,0,8,4055072,4055072,4055072,0,0,0,0.0,512,0,0,512,0,0,2048,2048,0,0.0,2048,1056768,32,16512,32,0,0.0,15:8,15:512,,,,,,,,,,,
1,126976,126977,0.1,,faithful,0.1913242662946383,0.19089120229085285,0.19089120229085285,0.1913242662946383,0.385525884727637,0.38504158655802406,0.385525884727637,0.49626827633066306,32,890,16,0,8,341,8,7,2,6,29,0,1,0,0,7,1,0,0,7,4055072,3675101,3674909,506884,126913,126721,0.7496212124824524,890,0,1,518,0,0,3560,2076,1484,0.41685393258426967,3560,1836960,80,41280,65,15,0.1875,8:1;15:7,8:1;15:518,,,,,,,,,,,
1,126976,126977,0.2,,faithful,0.1913242662946383,0.19089120229085285,0.19089120229085285,0.1913242662946383,0.3987875844662388,0.398309866587321,0.3987875844662388,0.4797648516332778,32,810,16,0,8,867,8,6,2,3,26,0,2,0,0,6,2,0,0,6,4055072,3295130,3294746,1013768,253826,253442,0.7496212124824524,810,0,2,516,0,0,3240,2072,1168,0.36049382716049383,3240,1671840,72,37152,60,12,0.16666666666666666,1:1;8:1;15:6,1:1;8:1;15:516,,,,,,,,,,,
1,126976,126977,0.3,,faithful,0.1913242662946383,0.19089120229085285,0.19089120229085285,0.1913242662946383,0.3598039310115079,0.35929492314656575,0.3598039310115079,0.5317459032667406,32,835,16,0,7,805,7,5,2,3,22,1,2,0,0,5,2,0,0,5,3548444,2788502,2787862,1013768,253826,253442,0.7496212124824524,831,4,2,515,0,0,3328,2072,1256,0.37740384615384615,3328,1717248,68,35088,56,12,0.17647058823529413,0:1;1:1;8:1;15:5,1:1;8:1;15:515,,,,,,,,,,,
1,126976,126977,0.4,,faithful,0.1913242662946383,0.19089120229085285,0.19089120229085285,0.1913242662946383,0.32287138359000284,0.32241760889689125,0.32287138359000284,0.5925711475799007,32,990,16,0,6,743,6,4,3,3,19,2,1,1,0,4,1,1,0,4,3041816,2408531,2407699,1013768,380483,380163,0.6246843338012695,982,8,2,640,0,0,3936,2576,1360,0.34552845528455284,3936,2030976,80,41280,70,10,0.125,0:2;3:1;8:1;15:4,3:1;8:1;15:640,,,,,,,,,,,
1,126976,126977,0.5,,faithful,0.1913242662946383,0.19089120229085285,0.19089120229085285,0.1913242662946383,0.33396491780877113,0.33351945877075195,0.33396491780877113,0.5728873186739659,32,1023,16,0,5,682,5,3,4,3,16,3,1,0,1,3,1,0,1,3,2535188,2028560,2027536,1013768,507140,506884,0.49974748492240906,1011,12,2,639,0,0,4056,2576,1480,0.36489151873767256,4056,2092896,84,43344,76,8,0.09523809523809523,0:3;7:1;8:1;15:3,7:1;8:1;15:639,,,,,,,,,,,
1,126976,126977,0.6,,faithful,0.1913242662946383,0.19089120229085285,0.19089120229085285,0.1913242662946383,0.26677928399294615,0.26631147066752114,0.26677928399294615,0.7171631298766702,32,947,16,0,4,434,4,3,4,5,13,4,1,0,0,3,1,0,0,3,2028560,1648589,1647373,506884,126913,126721,0.7496212124824524,931,16,1,639,0,0,3740,2576,1164,0.31122994652406416,3740,1929840,84,43344,72,12,0.14285714285714285,0:4;8:1;15:3,8:1;15:639,,,,,,,,,,,
1,126976,126977,0.7,,faithful,0.1913242662946383,0.19089120229085285,0.19089120229085285,0.1913242662946383,0.27616171864792705,0.2757312138875326,0.27616171864792705,0.692797927357027,32,1066,16,0,4,620,4,2,5,4,10,4,2,0,0,2,2,0,0,2,2028560,1268618,1267210,1013768,253826,253442,0.7496212124824524,1050,16,2,640,0,0,4216,2584,1632,0.3870967741935484,4216,2175456,88,45408,70,18,0.20454545454545456,0:4;1:1;8:1;15:2,1:1;8:1;15:640,,,,,,,,,,,
1,126976,126977,0.8,,faithful,0.1913242662946383,0.19089120229085285,0.19089120229085285,0.1913242662946383,0.2543981497486432,0.25389919281005857,0.2543981497486432,0.7520662649617352,32,972,16,0,3,558,3,1,8,4,6,5,2,0,0,1,2,0,0,1,1521932,761990,760326,1013768,253826,253442,0.7496212124824524,952,20,4,496,0,0,3828,2014,1814,0.47387669801462906,3828,1975248,84,43344,66,18,0.21428571428571427,0:5;1:1;8:1;15:1,1:2;8:2;15:496,,,,,,,,,,,
1,126976,126977,0.875,,faithful,0.1913242662946383,0.19089120229085285,0.19089120229085285,0.1913242662946383,0.21853835011521974,0.21810132662455242,0.21853835011521974,0.875472273830962,32,536,16,0,2,496,2,0,0,8,4,6,1,0,1,0,1,0,1,0,1015304,508676,506884,1013768,507140,506884,0.49974748492240906,512,24,257,0,0,0,2072,797,1275,0.6153474903474904,2072,1069152,88,45408,60,28,0.3181818181818182,0:6;7:1;8:1,7:256;8:1,,,,,,,,,,,
1,126976,126977,0.9,,faithful,0.1913242662946383,0.19089120229085285,0.19089120229085285,0.1913242662946383,0.18999919993802905,0.1895349343617757,0.18999919993802905,1.0069740628225878,32,536,16,0,2,496,2,0,0,8,3,6,1,1,0,0,1,1,0,0,1015304,382019,380163,1013768,380483,380163,0.6246843338012695,512,24,2,0,0,0,2072,32,2040,0.9845559845559846,2072,1069152,88,45408,53,35,0.3977272727272727,0:6;3:1;8:1,3:1;8:1,,,,,,,,,,,
1,126976,126977,0.95,,faithful,0.1913242662946383,0.19089120229085285,0.19089120229085285,0.1913242662946383,0.18748388392850757,0.18701173464457194,0.18748388392850757,1.0204837999174114,32,536,16,0,2,496,2,0,0,8,2,6,2,0,0,0,2,0,0,0,1015304,255362,253442,1013768,253826,253442,0.7496212124824524,512,24,2,0,0,0,2072,32,2040,0.9845559845559846,2072,1069152,88,45408,46,42,0.4772727272727273,0:6;1:1;8:1,1:1;8:1,,,,,,,,,,,
1,126976,126977,0.96875,,faithful,0.1913242662946383,0.19089120229085285,0.19089120229085285,0.1913242662946383,0.16826145195712647,0.1678101380666097,0.16826145195712647,1.1370653472275296,32,537,16,0,1,249,1,0,0,16,1,7,1,0,0,0,1,0,0,0,508676,128705,126721,506884,126913,126721,0.7496212124824524,509,28,1,0,0,0,2064,32,2032,0.9844961240310077,2064,1065024,92,47472,47,45,0.4891304347826087,0:7;8:1,8:1,,,,,,,,,,,
1,126976,126977,1.0,,faithful,0.1913242662946383,0.19089120229085285,0.19089120229085285,0.1913242662946383,0.06960813576976459,0.0691813309987386,0.06960813576976459,2.748590580380736,32,64,16,0,0,32,0,0,0,0,0,8,0,0,0,0,0,0,0,0,2048,2048,0,0,0,0,0.0,0,64,0,0,0,0,64,64,0,0.0,64,33024,64,33024,64,0,0.0,0:8,,,,,,,,,,,,
16,32768,32769,0.0,,faithful,0.7590253526965777,0.7585242589314779,0.7585242589314779,0.7590253526965777,1.4843995488869648,1.4838645935058594,1.4843995488869648,0.5113349389426259,32,512,256,0,128,8129,128,128,1,0,512,0,0,0,0,128,0,0,0,128,16646656,16646656,16646656,0,0,0,0.0,512,0,0,512,0,0,2048,2048,0,0.0,2048,1056768,512,264192,512,0,0.0,15:128,15:512,,,,,,,,,,,
16,32768,32769,0.1,,faithful,0.7590253526965777,0.7585242589314779,0.7585242589314779,0.7590253526965777,2.0656848481545844,2.06516482035319,2.0656848481545844,0.3674448952727064,32,661,256,0,116,865,116,115,1,1,461,12,1,0,0,115,1,0,0,115,15089104,14991757,14988493,130052,32705,32513,0.7485236525535583,613,48,1,575,0,0,2500,2352,148,0.0592,2500,1290000,512,264192,512,0,0.0,0:12;8:1;15:115,8:1;15:575,,,,,,,,,,,
16,32768,32769,0.2,,faithful,0.7590253526965777,0.7585242589314779,0.7585242589314779,0.7590253526965777,2.014298050198704,2.013700739542643,2.014298050198704,0.3768187893652095,32,760,256,0,102,1273,104,102,1,0,410,24,2,0,0,102,2,0,0,102,13531552,13336858,13330330,260104,65410,65026,0.7485236525535583,664,96,2,612,0,0,2752,2552,200,0.07267441860465117,2752,1420032,712,367392,562,150,0.21067415730337077,0:24;1:1;8:1;15:102,1:1;8:1;15:612,,,,,,,,,,,
16,32768,32769,0.3,,faithful,0.7590253526965777,0.7585242589314779,0.7585242589314779,0.7590253526965777,1.703714133085062,1.703164800008138,1.703714133085062,0.4455121536863377,32,726,256,0,89,1545,91,89,1,0,358,37,2,0,0,89,2,0,0,89,11844204,11649510,11639654,260104,65410,65026,0.7485236525535583,578,148,2,534,0,0,2460,2292,168,0.06829268292682927,2460,1269360,680,350880,554,126,0.18529411764705883,0:37;1:1;8:1;15:89,1:1;8:1;15:534,,,,,,,,,,,
16,32768,32769,0.4,,faithful,0.7590253526965777,0.7585242589314779,0.7585242589314779,0.7590253526965777,1.4939385000616312,1.4933775583902995,1.4939385000616312,0.5080700126981564,32,782,256,0,76,1340,78,76,1,0,307,50,1,1,0,76,1,1,0,76,10156856,9994611,9981491,260104,97859,97539,0.6237697005271912,582,200,2,532,0,0,2528,2336,192,0.0759493670886076,2528,1304448,704,363264,584,120,0.17045454545454544,0:50;3:1;8:1;15:76,3:1;8:1;15:532,,,,,,,,,,,
16,32768,32769,0.5,,faithful,0.7590253526965777,0.7585242589314779,0.7585242589314779,0.7590253526965777,1.1099518820022543,1.109393564860026,1.1099518820022543,0.6838362680437674,32,1003,256,0,63,1136,65,63,2,0,256,63,1,0,1,63,1,0,1,63,8469508,8339712,8323328,260104,130308,130052,0.49901577830314636,751,252,2,693,0,0,3256,3032,224,0.0687960687960688,3256,1680096,988,509808,876,112,0.11336032388663968,0:63;7:1;8:1;15:63,7:1;8:1;15:693,,,,,,,,,,,
16,32768,32769,0.6,,faithful,0.7590253526965777,0.7585242589314779,0.7585242589314779,0.7590253526965777,0.948053835115085,0.9475269317626953,0.948053835115085,0.8006141893877144,32,1004,256,0,52,883,52,51,2,1,205,76,1,0,0,51,1,0,0,51,6782160,6684813,6665165,130052,32705,32513,0.7485236525535583,700,304,1,663,0,0,3104,2960,144,0.04639175257731959,3104,1601664,716,369456,716,0,0.0,0:76;8:1;15:51,8:1;15:663,,,,,,,,,,,
16,32768,32769,0.7,,faithful,0.7590253526965777,0.7585242589314779,0.7585242589314779,0.7590253526965777,0.8625823655165732,0.8620981216430664,0.8625823655165732,0.8799453629474809,32,1086,256,0,40,742,40,38,3,1,154,88,2,0,0,38,2,0,0,38,5224608,5029914,5007002,260104,65410,65026,0.7485236525535583,734,352,2,646,0,0,3288,2944,344,0.10462287104622871,3288,1696608,816,421056,816,0,0.0,0:88;1:1;8:1;15:38,1:1;8:1;15:646,,,,,,,,,,,
16,32768,32769,0.8,,faithful,0.7590253526965777,0.7585242589314779,0.7585242589314779,0.7590253526965777,0.7113399488540987,0.7108495712280274,0.7113399488540987,1.0670360267538688,32,1176,256,0,27,537,27,25,1,1,102,101,2,0,0,25,2,0,0,25,3537260,3342566,3316326,260104,65410,65026,0.7485236525535583,772,404,2,650,0,0,3492,3012,480,0.13745704467353953,3492,1801872,512,264192,512,0,0.0,0:101;1:1;8:1;15:25,1:1;8:1;15:650,,,,,,,,,,,
16,32768,32769,0.875,,faithful,0.7590253526965777,0.7585242589314779,0.7585242589314779,0.7590253526965777,0.5213374466014405,0.5208293279012044,0.5213374466014405,1.455919496373427,32,1261,256,0,17,380,17,15,1,2,64,111,1,0,1,15,1,0,1,15,2239300,2109504,2080832,260104,130308,130052,0.49901577830314636,817,444,2,645,0,0,3712,3032,680,0.18318965517241378,3712,1915392,520,268320,516,4,0.007692307692307693,0:111;7:1;8:1;15:15,7:1;8:1;15:645,,,,,,,,,,,
16,32768,32769,0.9,,faithful,0.7590253526965777,0.7585242589314779,0.7585242589314779,0.7590253526965777,0.5358472000807524,0.5333205223083496,0.5358472000807524,1.4164958827482765,32,1300,256,0,14,332,14,12,1,2,51,114,1,1,0,12,1,1,0,12,1849912,1687667,1658163,260104,97859,97539,0.6237697005271912,844,456,2,648,0,0,3832,3056,776,0.20250521920668058,3832,1977312,520,268320,515,5,0.009615384615384616,0:114;3:1;8:1;15:12,3:1;8:1;15:648,,,,,,,,,,,
16,32768,32769,0.95,,faithful,0.7590253526965777,0.7585242589314779,0.7585242589314779,0.7590253526965777,0.4581188860659798,0.457588799794515,0.4581188860659798,1.656830521034796,32,1396,256,0,8,238,8,6,2,3,26,120,2,0,0,6,2,0,0,6,1071136,876442,845338,260104,65410,65026,0.7485236525535583,916,480,2,642,0,0,4144,3056,1088,0.2625482625482625,4144,2138304,552,284832,540,12,0.021739130434782608,0:120;1:1;8:1;15:6,1:1;8:1;15:642,,,,,,,,,,,
16,32768,32769,0.96875,,faithful,0.7590253526965777,0.7585242589314779,0.7585242589314779,0.7590253526965777,0.4377097318259378,0.4372048060099284,0.4377097318259378,1.7340837945965892,32,1218,256,0,5,191,5,3,2,3,16,123,1,0,1,3,1,0,1,3,681748,551952,520208,260104,130308,130052,0.49901577830314636,726,492,4,384,0,0,3396,2044,1352,0.39811542991755006,3396,1752336,540,278640,532,8,0.014814814814814815,0:123;7:1;8:1;15:3,7:2;8:2;15:384,,,,,,,,,,,
16,32768,32769,1.0,,faithful,0.7590253526965777,0.7585242589314779,0.7585242589314779,0.7590253526965777,0.29657119885087013,0.2960912068684896,0.29657119885087013,2.5593360233144256,32,1024,256,0,0,32,0,0,0,0,0,128,0,0,0,0,0,0,0,0,32768,32768,0,0,0,0,0.0,0,1024,0,0,0,0,1024,1024,0,0.0,1024,528384,1024,528384,1024,0,0.0,0:128,,,,,,,,,,,,
16,65536,65537,0.0,,faithful,1.5247786495213707,1.524242146809896,1.524242146809896,1.5247786495213707,2.6555385479393103,2.653912099202474,2.6555385479393103,0.5741881061017149,32,512,256,0,128,16321,128,128,1,0,512,0,0,0,0,128,0,0,0,128,33423872,33423872,33423872,0,0,0,0.0,512,0,0,512,0,0,2048,2048,0,0.0,2048,1056768,512,264192,512,0,0.0,15:128,15:512,,,,,,,,,,,
16,65536,65537,0.1,,faithful,1.5247786495213707,1.524242146809896,1.524242146809896,1.5247786495213707,3.8158444648919008,3.8149253845214846,3.8158444648919008,0.39959140461574505,32,661,256,0,116,1735,116,115,1,1,461,12,1,0,0,115,1,0,0,115,30293456,30097805,30094541,261124,65473,65281,0.7492647171020508,613,48,1,575,0,0,2500,2352,148,0.0592,2500,1290000,512,264192,512,0,0.0,0:12;8:1;15:115,8:1;15:575,,,,,,,,,,,
16,65536,65537,0.2,,faithful,1.5247786495213707,1.524242146809896,1.524242146809896,1.5247786495213707,3.7152113509364426,3.7131930033365887,3.7152113509364426,0.41041504923725014,32,760,256,0,102,2553,104,102,1,0,410,24,2,0,0,102,2,0,0,102,27163040,26771738,26765210,522248,130946,130562,0.7492647171020508,664,96,2,612,0,0,2752,2552,200,0.07267441860465117,2752,1420032,712,367392,562,150,0.21067415730337077,0:24;1:1;8:1;15:102,1:1;8:1;15:612,,,,,,,,,,,
16,65536,65537,0.3,,faithful,1.5247786495213707,1.524242146809896,1.524242146809896,1.5247786495213707,3.0956801182279983,3.0949984232584637,3.0956801182279983,0.492550454597412,32,726,256,0,89,3097,91,89,1,0,358,37,2,0,0,89,2,0,0,89,23771756,23380454,23370598,522248,130946,130562,0.7492647171020508,578,148,2,534,0,0,2460,2292,168,0.06829268292682927,2460,1269360,680,350880,554,126,0.18529411764705883,0:37;1:1;8:1;15:89,1:1;8:1;15:534,,,,,,,,,,,
16,65536,65537,0.4,,faithful,1.5247786495213707,1.524242146809896,1.524242146809896,1.5247786495213707,2.6233787027498088,2.622733306884766,2.6233787027498088,0.5812270443162123,32,782,256,0,76,2684,78,76,1,0,307,50,1,1,0,76,1,1,0,76,20380472,20054387,20041267,522248,196163,195843,0.624387264251709,582,200,2,532,0,0,2528,2336,192,0.0759493670886076,2528,1304448,704,363264,584,120,0.17045454545454544,0:50;3:1;8:1;15:76,3:1;8:1;15:532,,,,,,,,,,,
16,65536,65537,0.5,,faithful,1.5247786495213707,1.524242146809896,1.524242146809896,1.5247786495213707,1.926250468629102,1.925610605875651,1.926250468629102,0.7915786001633236,32,1003,256,0,63,2272,65,63,2,0,256,63,1,0,1,63,1,0,1,63,16989188,16728320,16711936,522248,261380,261124,0.4995098114013672,751,252,2,693,0,0,3256,3032,224,0.0687960687960688,3256,1680096,988,509808,876,112,0.11336032388663968,0:63;7:1;8:1;15:63,7:1;8:1;15:693,,,,,,,,,,,
16,65536,65537,0.6,,faithful,1.5247786495213707,1.524242146809896,1.524242146809896,1.5247786495213707,1.5928002811657886,1.592139689127604,1.5928002811657886,0.9572943121314418,32,1005,256,0,52,1763,52,51,2,1,205,76,1,0,0,51,1,0,0,51,13597904,13402253,13382605,261124,65473,65281,0.7492647171020508,701,304,2,663,0,0,3108,2961,147,0.0472972972972973,3108,1603728,716,369456,716,0,0.0,0:76;8:1;15:51,8:2;15:663,,,,,,,,,,,
16,65536,65537,0.7,,faithful,1.5247786495213707,1.524242146809896,1.524242146809896,1.5247786495213707,1.3490534659164648,1.348474629720052,1.3490534659164648,1.1302581313821605,32,1088,256,0,40,1478,40,38,3,1,154,88,2,0,0,38,2,0,0,38,10467488,10076186,10053274,522248,130946,130562,0.7492647171020508,736,352,2,646,0,0,3296,2944,352,0.10679611650485436,3296,1700736,816,421056,816,0,0.0,0:88;1:1;8:1;15:38,1:1;8:1;15:646,,,,,,,,,,,
16,65536,65537,0.8,,faithful,1.5247786495213707,1.524242146809896,1.524242146809896,1.5247786495213707,1.0714517013790708,1.0699588775634765,1.0714517013790708,1.4230960178221945,32,1178,256,0,27,1065,27,25,1,1,102,101,2,0,0,25,2,0,0,25,7076204,6684902,6658662,522248,130946,130562,0.7492647171020508,774,404,2,650,0,0,3500,3012,488,0.13942857142857143,3500,1806000,512,264192,512,0,0.0,0:101;1:1;8:1;15:25,1:1;8:1;15:650,,,,,,,,,,,
16,65536,65537,0.875,,faithful,1.5247786495213707,1.524242146809896,1.524242146809896,1.5247786495213707,0.7166912818017105,0.715993054707845,0.7166912818017105,2.12752504214672,32,1265,256,0,17,748,17,15,1,2,64,111,1,0,1,15,1,0,1,15,4467524,4206656,4177984,522248,261380,261124,0.4995098114013672,821,444,2,645,0,0,3728,3032,696,0.18669527896995708,3728,1923648,520,268320,516,4,0.007692307692307693,0:111;7:1;8:1;15:15,7:1;8:1;15:645,,,,,,,,,,,
16,65536,65537,0.9,,faithful,1.5247786495213707,1.524242146809896,1.524242146809896,1.5247786495213707,0.695466750767082,0.6949418385823568,0.695466750767082,2.1924536979511657,32,1306,256,0,14,652,14,12,1,2,51,114,1,1,0,12,1,1,0,12,3684920,3358835,3329331,522248,196163,195843,0.624387264251709,850,456,2,648,0,0,3856,3056,800,0.2074688796680498,3856,1989696,520,268320,515,5,0.009615384615384616,0:114;3:1;8:1;15:12,3:1;8:1;15:648,,,,,,,,,,,
16,65536,65537,0.95,,faithful,1.5247786495213707,1.524242146809896,1.524242146809896,1.5247786495213707,0.5426019507770737,0.5413461049397786,0.5426019507770737,2.8101237884192956,32,1406,256,0,8,462,8,6,2,3,26,120,2,0,0,6,2,0,0,6,2119712,1728410,1697306,522248,130946,130562,0.7492647171020508,926,480,2,642,0,0,4184,3056,1128,0.2695984703632887,4184,2158944,552,284832,540,12,0.021739130434782608,0:120;1:1;8:1;15:6,1:1;8:1;15:642,,,,,,,,,,,
16,65536,65537,0.96875,,faithful,1.5247786495213707,1.524242146809896,1.524242146809896,1.5247786495213707,0.4955819497505824,0.49506292343139646,0.4955819497505824,3.0767437157240387,32,1487,256,0,5,367,5,3,4,3,16,123,1,0,1,3,1,0,1,3,1337108,1076240,1044496,522248,261380,261124,0.4995098114013672,995,492,2,639,0,0,4472,3056,1416,0.31663685152057247,4472,2307552,564,291024,556,8,0.014184397163120567,0:123;7:1;8:1;15:3,7:1;8:1;15:639,,,,,,,,,,,
16,65536,65537,1.0,,faithful,1.5247786495213707,1.524242146809896,1.524242146809896,1.5247786495213707,0.29726089754452306,0.29680105845133464,0.29726089754452306,5.129428936387413,32,1024,256,0,0,32,0,0,0,0,0,128,0,0,0,0,0,0,0,0,32768,32768,0,0,0,0,0.0,0,1024,0,0,0,0,1024,1024,0,0.0,1024,528384,1024,528384,1024,0,0.0,0:128,,,,,,,,,,,,
16,98304,98305,0.0,,faithful,2.303079814494898,2.302506764729818,2.302506764729818,2.303079814494898,3.8321058498695493,3.8313003540039063,3.8321058498695493,0.6009958766074529,32,512,256,0,128,24513,128,128,1,0,512,0,0,0,0,128,0,0,0,128,50201088,50201088,50201088,0,0,0,0.0,512,0,0,512,0,0,2048,2048,0,0.0,2048,1056768,512,264192,512,0,0.0,15:128,15:512,,,,,,,,,,,
16,98304,98305,0.1,,faithful,2.303079814494898,2.302506764729818,2.302506764729818,2.303079814494898,5.565254933511217,5.563172912597656,5.565254933511217,0.41383186251305193,32,661,256,0,116,2606,116,115,1,1,461,12,1,0,0,115,1,0,0,115,45497808,45203853,45200589,392196,98241,98049,0.7495104670524597,613,48,1,575,0,0,2500,2352,148,0.0592,2500,1290000,512,264192,512,0,0.0,0:12;8:1;15:115,8:1;15:575,,,,,,,,,,,
16,98304,98305,0.2,,faithful,2.303079814494898,2.302506764729818,2.302506764729818,2.303079814494898,5.522301668922107,5.520914713541667,5.522301668922107,0.4170507068557945,32,760,256,0,102,3833,104,102,1,0,410,24,2,0,0,102,2,0,0,102,40794528,40206618,40200090,784392,196482,196098,0.7495104670524597,664,96,2,612,0,0,2752,2552,200,0.07267441860465117,2752,1420032,712,367392,562,150,0.21067415730337077,0:24;1:1;8:1;15:102,1:1;8:1;15:612,,,,,,,,,,,
16,98304,98305,0.3,,faithful,2.303079814494898,2.302506764729818,2.302506764729818,2.303079814494898,4.514018713962287,4.512885538736979,4.514018713962287,0.5102060847402459,32,726,256,0,89,4649,91,89,1,0,358,37,2,0,0,89,2,0,0,89,35699308,35111398,35101542,784392,196482,196098,0.7495104670524597,578,148,2,534,0,0,2460,2292,168,0.06829268292682927,2460,1269360,680,350880,554,126,0.18529411764705883,0:37;1:1;8:1;15:89,1:1;8:1;15:534,,,,,,,,,,,
16,98304,98305,0.4,,faithful,2.303079814494898,2.302506764729818,2.302506764729818,2.303079814494898,3.766771980250875,3.766057586669922,3.766771980250875,0.611420023980721,32,782,256,0,76,4028,78,76,1,0,307,50,1,1,0,76,1,1,0,76,30604088,30114163,30101043,784392,294467,294147,0.6245920658111572,582,200,2,532,0,0,2528,2336,192,0.0759493670886076,2528,1304448,704,363264,584,120,0.17045454545454544,0:50;3:1;8:1;15:76,3:1;8:1;15:532,,,,,,,,,,,
16,98304,98305,0.5,,faithful,2.303079814494898,2.302506764729818,2.302506764729818,2.303079814494898,2.7175790475060544,2.716949208577474,2.7175790475060544,0.8474748201375979,32,1003,256,0,63,3408,65,63,2,0,256,63,1,0,1,63,1,0,1,63,25508868,25116928,25100544,784392,392452,392196,0.49967363476753235,751,252,2,693,0,0,3256,3032,224,0.0687960687960688,3256,1680096,988,509808,876,112,0.11336032388663968,0:63;7:1;8:1;15:63,7:1;8:1;15:693,,,,,,,,,,,
16,98304,98305,0.6,,faithful,2.303079814494898,2.302506764729818,2.302506764729818,2.303079814494898,2.225740832121422,2.22520751953125,2.225740832121422,1.0347475237266335,32,1005,256,0,52,2643,52,51,2,1,205,76,1,0,0,51,1,0,0,51,20413648,20119693,20100045,392196,98241,98049,0.7495104670524597,701,304,1,663,0,0,3108,2960,148,0.047619047619047616,3108,1603728,716,369456,716,0,0.0,0:76;8:1;15:51,8:1;15:663,,,,,,,,,,,
16,98304,98305,0.7,,faithful,2.303079814494898,2.302506764729818,2.302506764729818,2.303079814494898,1.8329178332351148,1.8323280334472656,1.8329178332351148,1.256510124313616,32,1088,256,0,40,2214,40,38,3,1,154,88,2,0,0,38,2,0,0,38,15710368,15122458,15099546,784392,196482,196098,0.7495104670524597,736,352,2,646,0,0,3296,2944,352,0.10679611650485436,3296,1700736,816,421056,816,0,0.0,0:88;1:1;8:1;15:38,1:1;8:1;15:646,,,,,,,,,,,
16,98304,98305,0.8,,faithful,2.303079814494898,2.302506764729818,2.302506764729818,2.303079814494898,1.4088594820350409,1.4083119710286458,1.4088594820350409,1.6347122220934283,32,1178,256,0,27,1593,27,25,1,1,102,101,2,0,0,25,2,0,0,25,10615148,10027238,10000998,784392,196482,196098,0.7495104670524597,774,404,2,650,0,0,3500,3012,488,0.13942857142857143,3500,1806000,512,264192,512,0,0.0,0:101;1:1;8:1;15:25,1:1;8:1;15:650,,,,,,,,,,,
16,98304,98305,0.875,,faithful,2.303079814494898,2.302506764729818,2.302506764729818,2.303079814494898,0.9086039188938836,0.9081071853637696,0.9086039188938836,2.5347456318465165,32,1265,256,0,17,1116,17,15,1,2,64,111,1,0,1,15,1,0,1,15,6695748,6303808,6275136,784392,392452,392196,0.49967363476753235,821,444,2,645,0,0,3728,3032,696,0.18669527896995708,3728,1923648,520,268320,516,4,0.007692307692307693,0:111;7:1;8:1;15:15,7:1;8:1;15:645,,,,,,,,,,,
16,98304,98305,0.9,,faithful,2.303079814494898,2.302506764729818,2.302506764729818,2.303079814494898,0.8470284674937526,0.8465199788411458,0.8470284674937526,2.719011111054405,32,1306,256,0,14,972,14,12,1,2,51,114,1,1,0,12,1,1,0,12,5519928,5030003,5000499,784392,294467,294147,0.6245920658111572,850,456,2,648,0,0,3856,3056,800,0.2074688796680498,3856,1989696,520,268320,515,5,0.009615384615384616,0:114;3:1;8:1;15:12,3:1;8:1;15:648,,,,,,,,,,,
16,98304,98305,0.95,,faithful,2.303079814494898,2.302506764729818,2.302506764729818,2.303079814494898,0.6261982993843654,0.6255968093872071,0.6261982993843654,3.6778761883561897,32,1408,256,0,8,686,8,6,2,3,26,120,2,0,0,6,2,0,0,6,3168288,2580378,2549274,784392,196482,196098,0.7495104670524597,928,480,2,642,0,0,4192,3056,1136,0.27099236641221375,4192,2163072,552,284832,540,12,0.021739130434782608,0:120;1:1;8:1;15:6,1:1;8:1;15:642,,,,,,,,,,,
16,98304,98305,0.96875,,faithful,2.303079814494898,2.302506764729818,2.302506764729818,2.303079814494898,0.5571008659899235,0.5565935770670573,0.5571008659899235,4.134044578090021,32,1496,256,0,5,543,5,3,4,3,16,123,1,0,1,3,1,0,1,3,1992468,1600528,1568784,784392,392452,392196,0.49967363476753235,1004,492,2,642,0,0,4508,3068,1440,0.3194321206743567,4508,2326128,564,291024,556,8,0.014184397163120567,0:123;7:1;8:1;15:3,7:1;8:1;15:642,,,,,,,,,,,
16,98304,98305,1.0,,faithful,2.303079814494898,2.302506764729818,2.302506764729818,2.303079814494898,0.29812613502144814,0.2976549466451009,0.29812613502144814,7.725185899348299,32,1024,256,0,0,32,0,0,0,0,0,128,0,0,0,0,0,0,0,0,32768,32768,0,0,0,0,0.0,0,1024,0,0,0,0,1024,1024,0,0.0,1024,528384,1024,528384,1024,0,0.0,0:128,,,,,,,,,,,,
16,126976,126977,0.0,,faithful,2.9654597669529417,2.9648409525553387,2.9648409525553387,2.9654597669529417,4.673111399946113,4.671766153971354,4.673111399946113,0.6345793012739087,32,4224,256,0,128,3841,128,128,1,0,512,0,0,0,0,128,0,0,0,128,64881152,64881152,64881152,0,0,0,0.0,4224,0,0,4224,0,0,16896,16896,0,0.0,16896,8718336,512,264192,512,0,0.0,15:128,15:4224,,,,,,,,,,,
16,126976,126977,0.1,,faithful,2.9654597669529417,2.9648409525553387,2.9648409525553387,2.9654597669529417,7.110890350304544,7.109366861979167,7.110890350304544,0.4170307262333102,32,661,256,0,116,3367,116,115,1,1,461,12,1,0,0,115,1,0,0,115,58801616,58421645,58418381,506884,126913,126721,0.7496212124824524,613,48,1,575,0,0,2500,2352,148,0.0592,2500,1290000,512,264192,512,0,0.0,0:12;8:1;15:115,8:1;15:575,,,,,,,,,,,
16,126976,126977,0.2,,faithful,2.9654597669529417,2.9648409525553387,2.9648409525553387,2.9654597669529417,7.109073580553134,7.108194986979167,7.109073580553134,0.4171373011337166,32,760,256,0,102,4953,104,102,1,0,410,24,2,0,0,102,2,0,0,102,52722080,51962138,51955610,1013768,253826,253442,0.7496212124824524,664,96,2,612,0,0,2752,2552,200,0.07267441860465117,2752,1420032,712,367392,562,150,0.21067415730337077,0:24;1:1;8:1;15:102,1:1;8:1;15:612,,,,,,,,,,,
16,126976,126977,0.3,,faithful,2.9654597669529417,2.9648409525553387,2.9648409525553387,2.9654597669529417,5.747051750464986,5.745299784342448,5.747051750464986,0.5159967050432442,32,726,256,0,89,6007,91,89,1,0,358,37,2,0,0,89,2,0,0,89,46135916,45375974,45366118,1013768,253826,253442,0.7496212124824524,578,148,2,534,0,0,2460,2292,168,0.06829268292682927,2460,1269360,680,350880,554,126,0.18529411764705883,0:37;1:1;8:1;15:89,1:1;8:1;15:534,,,,,,,,,,,
16,126976,126977,0.4,,faithful,2.9654597669529417,2.9648409525553387,2.9648409525553387,2.9654597669529417,4.863967164419591,4.863333129882813,4.863967164419591,0.6096792323446544,32,782,256,0,76,5204,78,76,1,0,307,50,1,1,0,76,1,1,0,76,39549752,38916467,38903347,1013768,380483,380163,0.6246843338012695,582,200,2,532,0,0,2528,2336,192,0.0759493670886076,2528,1304448,704,363264,584,120,0.17045454545454544,0:50;3:1;8:1;15:76,3:1;8:1;15:532,,,,,,,,,,,
16,126976,126977,0.5,,faithful,2.9654597669529417,2.9648409525553387,2.9648409525553387,2.9654597669529417,3.4989346478444836,3.4983172098795574,3.4989346478444836,0.8475321963443391,32,1003,256,0,63,4402,65,63,2,0,256,63,1,0,1,63,1,0,1,63,32963588,32456960,32440576,1013768,507140,506884,0.49974748492240906,751,252,2,693,0,0,3256,3032,224,0.0687960687960688,3256,1680096,988,509808,876,112,0.11336032388663968,0:63;7:1;8:1;15:63,7:1;8:1;15:693,,,,,,,,,,,
16,126976,126977,0.6,,faithful,2.9654597669529417,2.9648409525553387,2.9648409525553387,2.9654597669529417,2.7717138679387667,2.771099853515625,2.7717138679387667,1.069901118313579,32,1005,256,0,52,3413,52,51,2,1,205,76,1,0,0,51,1,0,0,51,26377424,25997453,25977805,506884,126913,126721,0.7496212124824524,701,304,1,663,0,0,3108,2960,148,0.047619047619047616,3108,1603728,716,369456,716,0,0.0,0:76;8:1;15:51,8:1;15:663,,,,,,,,,,,
16,126976,126977,0.7,,faithful,2.9654597669529417,2.9648409525553387,2.9648409525553387,2.9654597669529417,2.2586989837388196,2.2581161499023437,2.2586989837388196,1.3129061412354393,32,1088,256,0,40,2858,40,38,3,1,154,88,2,0,0,38,2,0,0,38,20297888,19537946,19515034,1013768,253826,253442,0.7496212124824524,736,352,2,646,0,0,3296,2944,352,0.10679611650485436,3296,1700736,816,421056,816,0,0.0,0:88;1:1;8:1;15:38,1:1;8:1;15:646,,,,,,,,,,,
16,126976,126977,0.8,,faithful,2.9654597669529417,2.9648409525553387,2.9648409525553387,2.9654597669529417,1.7145415806832414,1.7139530181884766,1.7145415806832414,1.7295933795733387,32,1178,256,0,27,2055,27,25,1,1,102,101,2,0,0,25,2,0,0,25,13711724,12951782,12925542,1013768,253826,253442,0.7496212124824524,774,404,2,650,0,0,3500,3012,488,0.13942857142857143,3500,1806000,512,264192,512,0,0.0,0:101;1:1;8:1;15:25,1:1;8:1;15:650,,,,,,,,,,,
16,126976,126977,0.875,,faithful,2.9654597669529417,2.9648409525553387,2.9648409525553387,2.9654597669529417,1.0828242520801723,1.0822186787923178,1.0828242520801723,2.7386344194416687,32,1267,256,0,17,1438,17,15,1,2,64,111,1,0,1,15,1,0,1,15,8645444,8138816,8110144,1013768,507140,506884,0.49974748492240906,823,444,2,645,0,0,3736,3032,704,0.18843683083511778,3736,1927776,520,268320,516,4,0.007692307692307693,0:111;7:1;8:1;15:15,7:1;8:1;15:645,,,,,,,,,,,
16,126976,126977,0.9,,faithful,2.9654597669529417,2.9648409525553387,2.9648409525553387,2.9654597669529417,0.9750239977923533,0.9745007832845052,0.9750239977923533,3.0414223379807344,32,1308,256,0,14,1252,14,12,1,2,51,114,1,1,0,12,1,1,0,12,7125560,6492275,6462771,1013768,380483,380163,0.6246843338012695,852,456,2,648,0,0,3864,3056,808,0.20910973084886128,3864,1993824,520,268320,515,5,0.009615384615384616,0:114;3:1;8:1;15:12,3:1;8:1;15:648,,,,,,,,,,,
16,126976,126977,0.95,,faithful,2.9654597669529417,2.9648409525553387,2.9648409525553387,2.9654597669529417,0.7026351988315582,0.7021205266316731,0.7026351988315582,4.220482793751765,32,1410,256,0,8,882,8,6,2,3,26,120,2,0,0,6,2,0,0,6,4085792,3325850,3294746,1013768,253826,253442,0.7496212124824524,930,480,2,642,0,0,4200,3056,1144,0.2723809523809524,4200,2167200,552,284832,540,12,0.021739130434782608,0:120;1:1;8:1;15:6,1:1;8:1;15:642,,,,,,,,,,,
16,126976,126977,0.96875,,faithful,2.9654597669529417,2.9648409525553387,2.9648409525553387,2.9654597669529417,0.6165210157632828,0.6159749348958333,0.6165210157632828,4.809989750765526,32,1495,256,0,5,697,5,3,4,3,16,123,1,0,1,3,1,0,1,3,2565908,2059280,2027536,1013768,507140,506884,0.49974748492240906,1003,492,2,639,0,0,4504,3056,1448,0.32149200710479575,4504,2324064,564,291024,556,8,0.014184397163120567,0:123;7:1;8:1;15:3,7:1;8:1;15:639,,,,,,,,,,,
16,126976,126977,1.0,,faithful,2.9654597669529417,2.9648409525553387,2.9648409525553387,2.9654597669529417,0.29761376790702343,0.2970863978068034,0.29761376790702343,9.964121578808719,32,1024,256,0,0,32,0,0,0,0,0,128,0,0,0,0,0,0,0,0,32768,32768,0,0,0,0,0.0,0,1024,0,0,0,0,1024,1024,0,0.0,1024,528384,1024,528384,1024,0,0.0,0:128,,,,,,,,,,,,
64,32768,32769,0.0,,faithful,3.072517947293818,3.0713951110839846,3.0713951110839846,3.072517947293818,5.681964584315817,5.681204732259115,5.681964584315817,0.540749225325168,32,512,1024,0,0,32513,512,512,0,0,2048,0,0,0,0,512,0,0,0,512,66586624,66586624,66586624,0,0,0,0.0,512,0,0,512,0,0,2048,2048,0,0.0,2048,1056768,2048,1056768,2048,0,0.0,15:512,15:512,,,,,,,,,,,
64,32768,32769,0.1,,faithful,3.072517947293818,3.0713951110839846,3.0713951110839846,3.072517947293818,11.995527350033322,11.993947347005209,11.995527350033322,0.256138630477574,32,1140,1024,0,460,3400,462,460,1,0,1843,50,1,1,0,460,1,1,0,460,60096824,59934579,59921459,260104,97859,97539,0.6237697005271912,940,200,2,920,0,0,3960,3888,72,0.01818181818181818,3960,2043360,2120,1093920,2075,45,0.02122641509433962,0:50;3:1;8:1;15:460,3:1;8:1;15:920,,,,,,,,,,,
64,32768,32769,0.2,,faithful,3.072517947293818,3.0713951110839846,3.0713951110839846,3.072517947293818,7.8429631306789815,7.84212392171224,7.8429631306789815,0.39175473556355017,32,1236,1024,0,409,4770,411,409,1,0,1638,101,2,0,0,409,2,0,0,409,53477228,53282534,53256294,260104,65410,65026,0.7485236525535583,832,404,2,818,0,0,3732,3684,48,0.012861736334405145,3732,1925712,2096,1081536,2060,36,0.01717557251908397,0:101;1:1;8:1;15:409,1:1;8:1;15:818,,,,,,,,,,,
64,32768,32769,0.3,,faithful,3.072517947293818,3.0713951110839846,3.0713951110839846,3.072517947293818,7.243429182562977,7.242674763997396,7.243429182562977,0.4241800216243233,32,1336,1024,0,358,5830,360,358,1,0,1434,152,2,0,0,358,2,0,0,358,46857632,46662938,46623642,260104,65410,65026,0.7485236525535583,728,608,2,716,0,0,3520,3480,40,0.011363636363636364,3520,1816320,2088,1077408,2058,30,0.014367816091954023,0:152;1:1;8:1;15:358,1:1;8:1;15:716,,,,,,,,,,,
64,32768,32769,0.4,,faithful,3.072517947293818,3.0713951110839846,3.0713951110839846,3.072517947293818,5.835779131545375,5.835101318359375,5.835779131545375,0.5264966130546793,32,1437,1024,0,307,4963,308,307,1,0,1229,204,1,0,0,307,1,0,0,307,40108240,40010893,39958477,130052,32705,32513,0.7485236525535583,621,816,1,614,0,0,3300,3276,24,0.007272727272727273,3300,1702800,2072,1069152,2054,18,0.008687258687258687,0:204;8:1;15:307,8:1;15:614,,,,,,,,,,,
64,32768,32769,0.5,,faithful,3.072517947293818,3.0713951110839846,3.0713951110839846,3.072517947293818,4.304405282406758,4.303742472330729,4.304405282406758,0.7138077726676926,32,1801,1024,0,255,4208,257,255,1,0,1024,255,1,0,1,255,1,0,1,255,33488644,33358848,33293312,260104,130308,130052,0.49901577830314636,781,1020,2,765,0,0,4144,4088,56,0.013513513513513514,4144,2138304,2104,1085664,2076,28,0.013307984790874524,0:255;7:1;8:1;15:255,7:1;8:1;15:765,,,,,,,,,,,
64,32768,32769,0.6,,faithful,3.072517947293818,3.0713951110839846,3.0713951110839846,3.072517947293818,3.907747167007377,3.9071861267089845,3.907747167007377,0.7862632396575461,32,2060,1024,0,204,3404,206,204,1,0,819,306,1,1,0,204,1,1,0,204,26869048,26706803,26628147,260104,97859,97539,0.6237697005271912,836,1224,2,816,0,0,4568,4496,72,0.01576182136602452,4568,2357088,2120,1093920,2075,45,0.02122641509433962,0:306;3:1;8:1;15:204,3:1;8:1;15:816,,,,,,,,,,,
64,32768,32769,0.7,,faithful,3.072517947293818,3.0713951110839846,3.0713951110839846,3.072517947293818,3.1174510174120464,3.116899108886719,3.1174510174120464,0.985586599479106,32,2219,1024,0,153,2601,155,153,1,0,614,357,2,0,0,153,2,0,0,153,20249452,20054758,19962982,260104,65410,65026,0.7485236525535583,791,1428,2,765,0,0,4592,4496,96,0.020905923344947737,4592,2369472,2144,1106304,2072,72,0.033582089552238806,0:357;1:1;8:1;15:153,1:1;8:1;15:765,,,,,,,,,,,
64,32768,32769,0.8,,faithful,3.072517947293818,3.0713951110839846,3.0713951110839846,3.072517947293818,2.3923260159790516,2.391554768880208,2.3923260159790516,1.2843224237714943,32,2384,1024,0,102,1798,104,102,1,0,410,408,2,0,0,102,2,0,0,102,13629856,13435162,13330330,260104,65410,65026,0.7485236525535583,752,1632,2,714,0,0,4640,4496,144,0.03103448275862069,4640,2394240,2192,1131072,2084,108,0.04927007299270073,0:408;1:1;8:1;15:102,1:1;8:1;15:714,,,,,,,,,,,
64,32768,32769,0.875,,faithful,3.072517947293818,3.0713951110839846,3.0713951110839846,3.072517947293818,1.9065205667478342,1.9057994842529298,1.9065205667478342,1.6115839508277408,32,2537,1024,0,63,1184,65,63,1,0,256,447,1,0,1,63,1,0,1,63,8567812,8438016,8323328,260104,130308,130052,0.49901577830314636,749,1788,2,693,0,0,4784,4568,216,0.0451505016722408,4784,2468544,2264,1168224,2156,108,0.04770318021201413,0:447;7:1;8:1;15:63,7:1;8:1;15:693,,,,,,,,,,,
64,32768,32769,0.9,,faithful,3.072517947293818,3.0713951110839846,3.0713951110839846,3.072517947293818,1.7400373821146786,1.7395050048828125,1.7400373821146786,1.7657769763312596,32,2538,1024,0,52,931,52,51,1,1,205,460,1,0,0,51,1,0,0,51,6880464,6783117,6665165,130052,32705,32513,0.7485236525535583,698,1840,1,663,0,0,4632,4496,136,0.02936096718480138,4632,2390112,2048,1056768,2048,0,0.0,0:460;8:1;15:51,8:1;15:663,,,,,,,,,,,
64,32768,32769,0.95,,faithful,3.072517947293818,3.0713951110839846,3.0713951110839846,3.072517947293818,1.4469577853257458,1.4462708791097005,1.4469577853257458,2.123433025105234,32,2702,1024,0,27,585,27,25,1,1,102,485,2,0,0,25,2,0,0,25,3635564,3440870,3316326,260104,65410,65026,0.7485236525535583,762,1940,2,650,0,0,4988,4548,440,0.08821170809943865,4988,2573808,2048,1056768,2048,0,0.0,0:485;1:1;8:1;15:25,1:1;8:1;15:650,,,,,,,,,,,
64,32768,32769,0.96875,,faithful,3.072517947293818,3.0713951110839846,3.0713951110839846,3.072517947293818,1.3172707830866177,1.3167279561360676,1.3172707830866177,2.3324877365717622,32,2777,1024,0,17,428,17,15,1,2,64,495,1,0,1,15,1,0,1,15,2337604,2207808,2080832,260104,130308,130052,0.49901577830314636,797,1980,2,645,0,0,5168,4568,600,0.11609907120743033,5168,2666688,2056,1060896,2052,4,0.0019455252918287938,0:495;7:1;8:1;15:15,7:1;8:1;15:645,,,,,,,,,,,
64,32768,32769,1.0,,faithful,3.072517947293818,3.0713951110839846,3.0713951110839846,3.072517947293818,0.962054186190168,0.9615493138631185,0.962054186190168,3.1937057095102928,32,4096,1024,0,0,32,0,0,0,0,0,512,0,0,0,0,0,0,0,0,131072,131072,0,0,0,0,0.0,0,4096,0,0,0,0,4096,4096,0,0.0,4096,2113536,4096,2113536,4096,0,0.0,0:512,,,,,,,,,,,,
64,65536,65537,0.0,,faithful,6.161910699059566,6.161253865559896,6.161253865559896,6.161910699059566,10.288963315542787,10.28827616373698,10.288963315542787,0.5988854766107695,32,512,1024,0,0,65281,512,512,0,0,2048,0,0,0,0,512,0,0,0,512,133695488,133695488,133695488,0,0,0,0.0,512,0,0,512,0,0,2048,2048,0,0.0,2048,1056768,2048,1056768,2048,0,0.0,15:512,15:512,,,,,,,,,,,
64,65536,65537,0.1,,faithful,6.161910699059566,6.161253865559896,6.161253865559896,6.161910699059566,22.954445413779467,22.9524169921875,22.954445413779467,0.26844084394043316,32,1140,1024,0,460,6823,462,460,1,0,1843,50,1,1,0,460,1,1,0,460,120652088,120326003,120312883,522248,196163,195843,0.624387264251709,940,200,2,920,0,0,3960,3888,72,0.01818181818181818,3960,2043360,2120,1093920,2075,45,0.02122641509433962,0:50;3:1;8:1;15:460,3:1;8:1;15:920,,,,,,,,,,,
64,65536,65537,0.2,,faithful,6.161910699059566,6.161253865559896,6.161253865559896,6.161910699059566,14.625484317851564,14.624634806315104,14.625484317851564,0.42131327518080647,32,1236,1024,0,409,9568,411,409,1,0,1638,101,2,0,0,409,2,0,0,409,107347820,106956518,106930278,522248,130946,130562,0.7492647171020508,832,404,2,818,0,0,3732,3684,48,0.012861736334405145,3732,1925712,2096,1081536,2060,36,0.01717557251908397,0:101;1:1;8:1;15:409,1:1;8:1;15:818,,,,,,,,,,,
64,65536,65537,0.3,,faithful,6.161910699059566,6.161253865559896,6.161253865559896,6.161910699059566,13.405237548674146,13.404348754882813,13.405237548674146,0.45966441673903896,32,1336,1024,0,358,11686,360,358,1,0,1434,152,2,0,0,358,2,0,0,358,94043552,93652250,93612954,522248,130946,130562,0.7492647171020508,728,608,2,716,0,0,3520,3480,40,0.011363636363636364,3520,1816320,2088,1077408,2058,30,0.014367816091954023,0:152;1:1;8:1;15:358,1:1;8:1;15:716,,,,,,,,,,,
64,65536,65537,0.4,,faithful,6.161910699059566,6.161253865559896,6.161253865559896,6.161910699059566,10.668247965319702,10.667488606770833,10.668247965319702,0.5775935016781275,32,1437,1024,0,307,9939,308,307,1,0,1229,204,1,0,0,307,1,0,0,307,80478416,80282765,80230349,261124,65473,65281,0.7492647171020508,621,816,1,614,0,0,3300,3276,24,0.007272727272727273,3300,1702800,2072,1069152,2054,18,0.008687258687258687,0:204;8:1;15:307,8:1;15:614,,,,,,,,,,,
64,65536,65537,0.5,,faithful,6.161910699059566,6.161253865559896,6.161253865559896,6.161910699059566,7.609769150925179,7.609005737304687,7.609769150925179,0.8097368759616597,32,1801,1024,0,255,8416,257,255,1,0,1024,255,1,0,1,255,1,0,1,255,67174148,66913280,66847744,522248,261380,261124,0.4995098114013672,781,1020,2,765,0,0,4144,4088,56,0.013513513513513514,4144,2138304,2104,1085664,2076,28,0.013307984790874524,0:255;7:1;8:1;15:255,7:1;8:1;15:765,,,,,,,,,,,
64,65536,65537,0.6,,faithful,6.161910699059566,6.161253865559896,6.161253865559896,6.161910699059566,6.955607018123071,6.95394541422526,6.955607018123071,0.8858911498312797,32,2060,1024,0,204,6796,206,204,1,0,819,306,1,1,0,204,1,1,0,204,53869880,53543795,53465139,522248,196163,195843,0.624387264251709,836,1224,2,816,0,0,4568,4496,72,0.01576182136602452,4568,2357088,2120,1093920,2075,45,0.02122641509433962,0:306;3:1;8:1;15:204,3:1;8:1;15:816,,,,,,,,,,,
64,65536,65537,0.7,,faithful,6.161910699059566,6.161253865559896,6.161253865559896,6.161910699059566,5.188803351484239,5.187715657552084,5.188803351484239,1.1875398394693397,32,2219,1024,0,153,5177,155,153,1,0,614,357,2,0,0,153,2,0,0,153,40565612,40174310,40082534,522248,130946,130562,0.7492647171020508,791,1428,2,765,0,0,4592,4496,96,0.020905923344947737,4592,2369472,2144,1106304,2072,72,0.033582089552238806,0:357;1:1;8:1;15:153,1:1;8:1;15:765,,,,,,,,,,,
64,65536,65537,0.8,,faithful,6.161910699059566,6.161253865559896,6.161253865559896,6.161910699059566,3.7315560349573693,3.7308614095052084,3.7315560349573693,1.6512979146861348,32,2384,1024,0,102,3558,104,102,1,0,410,408,2,0,0,102,2,0,0,102,27261344,26870042,26765210,522248,130946,130562,0.7492647171020508,752,1632,2,714,0,0,4640,4496,144,0.03103448275862069,4640,2394240,2192,1131072,2084,108,0.04927007299270073,0:408;1:1;8:1;15:102,1:1;8:1;15:714,,,,,,,,,,,
64,65536,65537,0.875,,faithful,6.161910699059566,6.161253865559896,6.161253865559896,6.161910699059566,2.735791301044325,2.7352475484212238,2.735791301044325,2.2523321485478074,32,2539,1024,0,63,2320,65,63,1,0,256,447,1,0,1,63,1,0,1,63,17087492,16826624,16711936,522248,261380,261124,0.4995098114013672,751,1788,2,693,0,0,4792,4568,224,0.04674457429048414,4792,2472672,2272,1172352,2160,112,0.04929577464788732,0:447;7:1;8:1;15:63,7:1;8:1;15:693,,,,,,,,,,,
64,65536,65537,0.9,,faithful,6.161910699059566,6.161253865559896,6.161253865559896,6.161910699059566,2.3604490833046534,2.3599258422851563,2.3604490833046534,2.6104823622938844,32,2540,1024,0,52,1811,52,51,1,1,205,460,1,0,0,51,1,0,0,51,13696208,13500557,13382605,261124,65473,65281,0.7492647171020508,700,1840,1,663,0,0,4640,4496,144,0.03103448275862069,4640,2394240,2048,1056768,2048,0,0.0,0:460;8:1;15:51,8:1;15:663,,,,,,,,,,,
64,65536,65537,0.95,,faithful,6.161910699059566,6.161253865559896,6.161253865559896,6.161910699059566,1.79788430298989,1.7973492940266926,1.79788430298989,3.4273121406156553,32,2708,1024,0,27,1113,27,25,1,1,102,485,2,0,0,25,2,0,0,25,7174508,6783206,6658662,522248,130946,130562,0.7492647171020508,768,1940,2,650,0,0,5012,4548,464,0.09257781324820431,5012,2586192,2048,1056768,2048,0,0.0,0:485;1:1;8:1;15:25,1:1;8:1;15:650,,,,,,,,,,,
64,65536,65537,0.96875,,faithful,6.161910699059566,6.161253865559896,6.161253865559896,6.161910699059566,1.51113843312487,1.510642115275065,1.51113843312487,4.0776612942848685,32,2791,1024,0,17,796,17,15,1,2,64,495,1,0,1,15,1,0,1,15,4565828,4304960,4177984,522248,261380,261124,0.4995098114013672,811,1980,4,645,0,0,5224,4572,652,0.12480857580398162,5224,2695584,2056,1060896,2052,4,0.0019455252918287938,0:495;7:1;8:1;15:15,7:2;8:2;15:645,,,,,,,,,,,
64,65536,65537,1.0,,faithful,6.161910699059566,6.161253865559896,6.161253865559896,6.161910699059566,0.9661934687756002,0.9656895955403646,0.9661934687756002,6.3775122666355735,32,4096,1024,0,0,32,0,0,0,0,0,512,0,0,0,0,0,0,0,0,131072,131072,0,0,0,0,0.0,0,4096,0,0,0,0,4096,4096,0,0.0,4096,2113536,4096,2113536,4096,0,0.0,0:512,,,,,,,,,,,,
64,98304,98305,0.0,,faithful,9.307596700576445,9.305979410807291,9.305979410807291,9.307596700576445,15.162165249542644,15.160533650716145,15.162165249542644,0.6138698891213576,32,512,1024,0,0,98049,512,512,0,0,2048,0,0,0,0,512,0,0,0,512,200804352,200804352,200804352,0,0,0,0.0,512,0,0,512,0,0,2048,2048,0,0.0,2048,1056768,2048,1056768,2048,0,0.0,15:512,15:512,,,,,,,,,,,
64,98304,98305,0.1,,faithful,9.307596700576445,9.305979410807291,9.305979410807291,9.307596700576445,33.99801148334518,33.99383748372396,33.99801148334518,0.27376885572075343,32,1140,1024,0,460,10246,462,460,1,0,1843,50,1,1,0,460,1,1,0,460,181207352,180717427,180704307,784392,294467,294147,0.6245920658111572,940,200,2,920,0,0,3960,3888,72,0.01818181818181818,3960,2043360,2120,1093920,2075,45,0.02122641509433962,0:50;3:1;8:1;15:460,3:1;8:1;15:920,,,,,,,,,,,
64,98304,98305,0.2,,faithful,9.307596700576445,9.305979410807291,9.305979410807291,9.307596700576445,21.427979700577755,21.42592569986979,21.427979700577755,0.4343665072785881,32,1236,1024,0,409,14366,411,409,1,0,1638,101,2,0,0,409,2,0,0,409,161218412,160630502,160604262,784392,196482,196098,0.7495104670524597,832,404,2,818,0,0,3732,3684,48,0.012861736334405145,3732,1925712,2096,1081536,2060,36,0.01717557251908397,0:101;1:1;8:1;15:409,1:1;8:1;15:818,,,,,,,,,,,
64,98304,98305,0.3,,faithful,9.307596700576445,9.305979410807291,9.305979410807291,9.307596700576445,19.588454447997112,19.585127766927084,19.588454447997112,0.4751572782470407,32,1336,1024,0,358,17542,360,358,1,0,1434,152,2,0,0,358,2,0,0,358,141229472,140641562,140602266,784392,196482,196098,0.7495104670524597,728,608,2,716,0,0,3520,3480,40,0.011363636363636364,3520,1816320,2088,1077408,2058,30,0.014367816091954023,0:152;1:1;8:1;15:358,1:1;8:1;15:716,,,,,,,,,,,
64,98304,98305,0.4,,faithful,9.307596700576445,9.305979410807291,9.305979410807291,9.307596700576445,15.4793298492829,15.47715555826823,15.4793298492829,0.6012919674948093,32,1437,1024,0,307,14915,308,307,1,0,1229,204,1,0,0,307,1,0,0,307,120848592,120554637,120502221,392196,98241,98049,0.7495104670524597,621,816,1,614,0,0,3300,3276,24,0.007272727272727273,3300,1702800,2072,1069152,2054,18,0.008687258687258687,0:204;8:1;15:307,8:1;15:614,,,,,,,,,,,
64,98304,98305,0.5,,faithful,9.307596700576445,9.305979410807291,9.305979410807291,9.307596700576445,10.98022508279731,10.977939860026042,10.98022508279731,0.847669025943615,32,1801,1024,0,255,12624,257,255,1,0,1024,255,1,0,1,255,1,0,1,255,100859652,100467712,100402176,784392,392452,392196,0.49967363476753235,781,1020,2,765,0,0,4144,4088,56,0.013513513513513514,4144,2138304,2104,1085664,2076,28,0.013307984790874524,0:255;7:1;8:1;15:255,7:1;8:1;15:765,,,,,,,,,,,
64,98304,98305,0.6,,faithful,9.307596700576445,9.305979410807291,9.305979410807291,9.307596700576445,9.896611965571841,9.89579366048177,9.896611965571841,0.940483140387392,32,2060,1024,0,204,10188,206,204,1,0,819,306,1,1,0,204,1,1,0,204,80870712,80380787,80302131,784392,294467,294147,0.6245920658111572,836,1224,2,816,0,0,4568,4496,72,0.01576182136602452,4568,2357088,2120,1093920,2075,45,0.02122641509433962,0:306;3:1;8:1;15:204,3:1;8:1;15:816,,,,,,,,,,,
64,98304,98305,0.7,,faithful,9.307596700576445,9.305979410807291,9.305979410807291,9.307596700576445,7.289483332230399,7.287171936035156,7.289483332230399,1.276852731032798,32,2219,1024,0,153,7753,155,153,1,0,614,357,2,0,0,153,2,0,0,153,60881772,60293862,60202086,784392,196482,196098,0.7495104670524597,791,1428,2,765,0,0,4592,4496,96,0.020905923344947737,4592,2369472,2144,1106304,2072,72,0.033582089552238806,0:357;1:1;8:1;15:153,1:1;8:1;15:765,,,,,,,,,,,
64,98304,98305,0.8,,faithful,9.307596700576445,9.305979410807291,9.305979410807291,9.307596700576445,5.060637916903943,5.059215799967448,5.060637916903943,1.839214117549583,32,2384,1024,0,102,5318,104,102,1,0,410,408,2,0,0,102,2,0,0,102,40892832,40304922,40200090,784392,196482,196098,0.7495104670524597,752,1632,2,714,0,0,4640,4496,144,0.03103448275862069,4640,2394240,2192,1131072,2084,108,0.04927007299270073,0:408;1:1;8:1;15:102,1:1;8:1;15:714,,,,,,,,,,,
64,98304,98305,0.875,,faithful,9.307596700576445,9.305979410807291,9.305979410807291,9.307596700576445,3.591619598834465,3.5908938090006512,3.591619598834465,2.5914761974227174,32,2539,1024,0,63,3456,65,63,1,0,256,447,1,0,1,63,1,0,1,63,25607172,25215232,25100544,784392,392452,392196,0.49967363476753235,751,1788,2,693,0,0,4792,4568,224,0.04674457429048414,4792,2472672,2272,1172352,2160,112,0.04929577464788732,0:447;7:1;8:1;15:63,7:1;8:1;15:693,,,,,,,,,,,
64,98304,98305,0.9,,faithful,9.307596700576445,9.305979410807291,9.305979410807291,9.307596700576445,2.987303165718913,2.986609141031901,2.987303165718913,3.1157188220421257,32,2540,1024,0,52,2691,52,51,1,1,205,460,1,0,0,51,1,0,0,51,20511952,20217997,20100045,392196,98241,98049,0.7495104670524597,700,1840,1,663,0,0,4640,4496,144,0.03103448275862069,4640,2394240,2048,1056768,2048,0,0.0,0:460;8:1;15:51,8:1;15:663,,,,,,,,,,,
64,98304,98305,0.95,,faithful,9.307596700576445,9.305979410807291,9.305979410807291,9.307596700576445,2.1322137016492584,2.131612269083659,2.1322137016492584,4.365226943892659,32,2710,1024,0,27,1641,27,25,1,1,102,485,2,0,0,25,2,0,0,25,10713452,10125542,10000998,784392,196482,196098,0.7495104670524597,770,1940,2,650,0,0,5020,4548,472,0.09402390438247012,5020,2590320,2048,1056768,2048,0,0.0,0:485;1:1;8:1;15:25,1:1;8:1;15:650,,,,,,,,,,,
64,98304,98305,0.96875,,faithful,9.307596700576445,9.305979410807291,9.305979410807291,9.307596700576445,1.7078673156599204,1.70730349222819,1.7078673156599204,5.4498359534329435,32,2795,1024,0,17,1164,17,15,1,2,64,495,1,0,1,15,1,0,1,15,6794052,6402112,6275136,784392,392452,392196,0.49967363476753235,815,1980,2,645,0,0,5240,4568,672,0.1282442748091603,5240,2703840,2056,1060896,2052,4,0.0019455252918287938,0:495;7:1;8:1;15:15,7:1;8:1;15:645,,,,,,,,,,,
64,98304,98305,1.0,,faithful,9.307596700576445,9.305979410807291,9.305979410807291,9.307596700576445,0.9679212196109196,0.9673840204874674,0.9679212196109196,9.616068448543642,32,4096,1024,0,0,32,0,0,0,0,0,512,0,0,0,0,0,0,0,0,131072,131072,0,0,0,0,0.0,0,4096,0,0,0,0,4096,4096,0,0.0,4096,2113536,4096,2113536,4096,0,0.0,0:512,,,,,,,,,,,,
64,126976,126977,0.0,,faithful,12.770349683705717,12.76653340657552,12.76653340657552,12.770349683705717,19.106989897166688,19.10466105143229,19.106989897166688,0.6683601002792905,32,512,1024,0,0,126721,512,512,0,0,2048,0,0,0,0,512,0,0,0,512,259524608,259524608,259524608,0,0,0,0.0,512,0,0,512,0,0,2048,2048,0,0.0,2048,1056768,2048,1056768,2048,0,0.0,15:512,15:512,,,,,,,,,,,
64,126976,126977,0.1,,faithful,12.770349683705717,12.76653340657552,12.76653340657552,12.770349683705717,43.59666493255645,43.595418294270836,43.59666493255645,0.29292033469673207,32,1140,1024,0,460,13241,462,460,1,0,1843,50,1,1,0,460,1,1,0,460,234193208,233559923,233546803,1013768,380483,380163,0.6246843338012695,940,200,2,920,0,0,3960,3888,72,0.01818181818181818,3960,2043360,2120,1093920,2075,45,0.02122641509433962,0:50;3:1;8:1;15:460,3:1;8:1;15:920,,,,,,,,,,,
64,126976,126977,0.2,,faithful,12.770349683705717,12.76653340657552,12.76653340657552,12.770349683705717,27.642785435697686,27.641866048177082,27.642785435697686,0.46197767274256607,32,1236,1024,0,409,18564,411,409,1,0,1638,101,2,0,0,409,2,0,0,409,208355180,207595238,207568998,1013768,253826,253442,0.7496212124824524,832,404,2,818,0,0,3732,3684,48,0.012861736334405145,3732,1925712,2096,1081536,2060,36,0.01717557251908397,0:101;1:1;8:1;15:409,1:1;8:1;15:818,,,,,,,,,,,
64,126976,126977,0.3,,faithful,12.770349683705717,12.76653340657552,12.76653340657552,12.770349683705717,24.9928747342589,24.991231282552082,24.9928747342589,0.5109596162701845,32,1336,1024,0,358,22666,360,358,1,0,1434,152,2,0,0,358,2,0,0,358,182517152,181757210,181717914,1013768,253826,253442,0.7496212124824524,728,608,2,716,0,0,3520,3480,40,0.011363636363636364,3520,1816320,2088,1077408,2058,30,0.014367816091954023,0:152;1:1;8:1;15:358,1:1;8:1;15:716,,,,,,,,,,,
64,126976,126977,0.4,,faithful,12.770349683705717,12.76653340657552,12.76653340657552,12.770349683705717,19.612637635630865,19.611820475260416,19.612637635630865,0.6511286202782558,32,1437,1024,0,307,19269,308,307,1,0,1229,204,1,0,0,307,1,0,0,307,156172496,155792525,155740109,506884,126913,126721,0.7496212124824524,621,816,1,614,0,0,3300,3276,24,0.007272727272727273,3300,1702800,2072,1069152,2054,18,0.008687258687258687,0:204;8:1;15:307,8:1;15:614,,,,,,,,,,,
64,126976,126977,0.5,,faithful,12.770349683705717,12.76653340657552,12.76653340657552,12.770349683705717,13.805586351857832,13.804869588216146,13.805586351857832,0.9250132053961764,32,1801,1024,0,255,16306,257,255,1,0,1024,255,1,0,1,255,1,0,1,255,130334468,129827840,129762304,1013768,507140,506884,0.49974748492240906,781,1020,2,765,0,0,4144,4088,56,0.013513513513513514,4144,2138304,2104,1085664,2076,28,0.013307984790874524,0:255;7:1;8:1;15:255,7:1;8:1;15:765,,,,,,,,,,,
64,126976,126977,0.6,,faithful,12.770349683705717,12.76653340657552,12.76653340657552,12.770349683705717,12.455538850432882,12.454014078776042,12.455538850432882,1.0252747662749166,32,2060,1024,0,204,13156,206,204,1,0,819,306,1,1,0,204,1,1,0,204,104496440,103863155,103784499,1013768,380483,380163,0.6246843338012695,836,1224,2,816,0,0,4568,4496,72,0.01576182136602452,4568,2357088,2120,1093920,2075,45,0.02122641509433962,0:306;3:1;8:1;15:204,3:1;8:1;15:816,,,,,,,,,,,
64,126976,126977,0.7,,faithful,12.770349683705717,12.76653340657552,12.76653340657552,12.770349683705717,9.091479917212078,9.090767415364583,9.091479917212078,1.4046502659626148,32,2219,1024,0,153,10007,155,153,1,0,614,357,2,0,0,153,2,0,0,153,78658412,77898470,77806694,1013768,253826,253442,0.7496212124824524,791,1428,2,765,0,0,4592,4496,96,0.020905923344947737,4592,2369472,2144,1106304,2072,72,0.033582089552238806,0:357;1:1;8:1;15:153,1:1;8:1;15:765,,,,,,,,,,,
64,126976,126977,0.8,,faithful,12.770349683705717,12.76653340657552,12.76653340657552,12.770349683705717,6.2612534034997225,6.260589090983073,6.2612534034997225,2.0395835882585014,32,2384,1024,0,102,6858,104,102,1,0,410,408,2,0,0,102,2,0,0,102,52820384,52060442,51955610,1013768,253826,253442,0.7496212124824524,752,1632,2,714,0,0,4640,4496,144,0.03103448275862069,4640,2394240,2192,1131072,2084,108,0.04927007299270073,0:408;1:1;8:1;15:102,1:1;8:1;15:714,,,,,,,,,,,
64,126976,126977,0.875,,faithful,12.770349683705717,12.76653340657552,12.76653340657552,12.770349683705717,4.316196249177058,4.315618896484375,4.316196249177058,2.958704596933135,32,2539,1024,0,63,4450,65,63,1,0,256,447,1,0,1,63,1,0,1,63,33061892,32555264,32440576,1013768,507140,506884,0.49974748492240906,751,1788,2,693,0,0,4792,4568,224,0.04674457429048414,4792,2472672,2272,1172352,2160,112,0.04929577464788732,0:447;7:1;8:1;15:63,7:1;8:1;15:693,,,,,,,,,,,
64,126976,126977,0.9,,faithful,12.770349683705717,12.76653340657552,12.76653340657552,12.770349683705717,3.5555423664239547,3.55498784383138,3.5555423664239547,3.591674171653791,32,2540,1024,0,52,3461,52,51,1,1,205,460,1,0,0,51,1,0,0,51,26475728,26095757,25977805,506884,126913,126721,0.7496212124824524,700,1840,1,663,0,0,4640,4496,144,0.03103448275862069,4640,2394240,2048,1056768,2048,0,0.0,0:460;8:1;15:51,8:1;15:663,,,,,,,,,,,
64,126976,126977,0.95,,faithful,12.770349683705717,12.76653340657552,12.76653340657552,12.770349683705717,2.4323538644239306,2.431829325358073,2.4323538644239306,5.25020223022944,32,2712,1024,0,27,2103,27,25,1,1,102,485,2,0,0,25,2,0,0,25,13810028,13050086,12925542,1013768,253826,253442,0.7496212124824524,772,1940,2,650,0,0,5028,4548,480,0.0954653937947494,5028,2594448,2048,1056768,2048,0,0.0,0:485;1:1;8:1;15:25,1:1;8:1;15:650,,,,,,,,,,,
64,126976,126977,0.96875,,faithful,12.770349683705717,12.76653340657552,12.76653340657552,12.770349683705717,1.8760753989530106,1.8755179087320963,1.8760753989530106,6.806949065497325,32,2797,1024,0,17,1486,17,15,1,2,64,495,1,0,1,15,1,0,1,15,8743748,8237120,8110144,1013768,507140,506884,0.49974748492240906,817,1980,2,645,0,0,5248,4568,680,0.12957317073170732,5248,2707968,2056,1060896,2052,4,0.0019455252918287938,0:495;7:1;8:1;15:15,7:1;8:1;15:645,,,,,,,,,,,
64,126976,126977,1.0,,faithful,12.770349683705717,12.76653340657552,12.76653340657552,12.770349683705717,0.9690939332358539,0.9686165491739909,0.9690939332358539,13.177618026216376,32,4096,1024,0,0,32,0,0,0,0,0,512,0,0,0,0,0,0,0,0,131072,131072,0,0,0,0,0.0,0,4096,0,0,0,0,4096,4096,0,0.0,4096,2113536,4096,2113536,4096,0,0.0,0:512,,,,,,,,,,,,
